{
  "codeSystems" : [
    {
      "url" : "http://example.com/fhir/example/ValueSet/inspirers-loinc-subset",
      "version" : "1.0.0",
      "status" : "active",
      "name" : "InspiresrsLoincSubset",
      "title" : "Inspiresrs LOINC CT Subset",
      "description" : "A subset of LOINC CT codes for specific use cases in Inspiresrs.",
      "systems" : ["http://loinc.org"]
    },
    {
      "url" : "http://example.com/fhir/example/ValueSet/inspirers-snomed-subset",
      "version" : "1.0.0",
      "status" : "active",
      "name" : "InspiresrsSnomedSubset",
      "title" : "Inspiresrs SNOMED CT Subset",
      "description" : "A subset of SNOMED CT codes for specific use cases in Inspiresrs.",
      "systems" : ["http://snomed.info/sct"]
    },
    {
      "url" : "http://hl7.org/fhir/ValueSet/data-absent-reason",
      "version" : "4.0.1",
      "status" : "active",
      "name" : "DataAbsentReason",
      "title" : "DataAbsentReason",
      "description" : "Used to specify why the normally expected content of the data element is missing.",
      "systems" : ["http://terminology.hl7.org/CodeSystem/data-absent-reason"],
      "oids" : ["2.16.840.1.113883.4.642.3.5"],
      "sources" : ["2.16.840.1.113883.4.642.3.5"],
      "uses" : {
      },
      "StructureDefinition-inspirers-observation.html" : "Inspirers Observation Profile"
    },
    {
      "url" : "http://hl7.org/fhir/ValueSet/marital-status",
      "version" : "4.0.1",
      "status" : "active",
      "name" : "Marital Status Codes",
      "title" : "MaritalStatus",
      "description" : "This value set defines the set of codes that can be used to indicate the marital status of a person.",
      "systems" : [
        "http://terminology.hl7.org/CodeSystem/v3-MaritalStatus",
        "http://terminology.hl7.org/CodeSystem/v3-NullFlavor"
      ],
      "oids" : ["2.16.840.1.113883.4.642.3.29"],
      "sources" : ["2.16.840.1.113883.4.642.3.29"],
      "uses" : {
      },
      "StructureDefinition-inspirers-patient.html" : "Inspirers Patient Profile"
    },
    {
      "url" : "http://hl7.org/fhir/ValueSet/observation-codes",
      "version" : "4.0.1",
      "status" : "draft",
      "name" : "LOINCCodes",
      "title" : "LOINC Codes",
      "description" : "This value set includes all LOINC codes",
      "systems" : ["http://loinc.org"],
      "oids" : ["2.16.840.1.113883.4.642.3.396"],
      "sources" : ["2.16.840.1.113883.4.642.3.396"],
      "uses" : {
      },
      "StructureDefinition-inspirers-observation.html" : "Inspirers Observation Profile"
    }
  ]
}
